<?xml version="1.0" encoding="UTF-8"?>
<vivadoHLSLog:LogRoot xmlns:vivadoHLSLog="www.xilinx.com/vivadoHLSLog">
  <errorLogs>
    <logs>
      <synLog/>
      <simLog/>
      <mgLog/>
      <packageLog/>
      <csimLog/>
    </logs>
  </errorLogs>
  <warningLogs>
    <logs>
      <synLog>
        <logs message="WARNING: [SYN 201-107] Renaming port name 'apint_arith/rem' to 'apint_arith/rem_r' to avoid the conflict with HDL keywords or other object names." projectName="proj_apint_arith" solutionName="solution1" date="2022-05-01T16:23:39.102-0400" type="Warning"/>
        <logs message="WARNING: [SYN 201-107] Renaming port name 'apint_arith/out' to 'apint_arith/out_r' to avoid the conflict with HDL keywords or other object names." projectName="proj_apint_arith" solutionName="solution1" date="2022-05-01T16:23:39.095-0400" type="Warning"/>
      </synLog>
      <simLog/>
      <mgLog/>
      <packageLog/>
      <csimLog/>
    </logs>
  </warningLogs>
</vivadoHLSLog:LogRoot>
