<annotationInfo>
<annotationInfo>
<item  id="15" filename="apint_arith.c" linenumber="6" name="icmp_ln6" contextFuncName="apint_arith" moduleName="apint_arith" rtlName="icmp_ln6_fu_84_p2" latency="0" BRAM="-1" DSP="-1" FF="0" LUT="11" fileDirectory="C:\Users\alexa\AppData\Roaming\Xilinx\Vivado\apint_arith"><\/item>
<item  id="18" filename="apint_arith.c" linenumber="11" name="icmp_ln11" contextFuncName="apint_arith" moduleName="apint_arith" rtlName="icmp_ln11_fu_90_p2" latency="0" BRAM="-1" DSP="-1" FF="0" LUT="11" fileDirectory="C:\Users\alexa\AppData\Roaming\Xilinx\Vivado\apint_arith"><\/item>
<item  id="21" filename="apint_arith.c" linenumber="16" name="icmp_ln16" contextFuncName="apint_arith" moduleName="apint_arith" rtlName="icmp_ln16_fu_96_p2" latency="0" BRAM="-1" DSP="-1" FF="0" LUT="11" fileDirectory="C:\Users\alexa\AppData\Roaming\Xilinx\Vivado\apint_arith"><\/item>
<item  id="24" filename="apint_arith.c" linenumber="21" name="icmp_ln21" contextFuncName="apint_arith" moduleName="apint_arith" rtlName="icmp_ln21_fu_102_p2" latency="0" BRAM="-1" DSP="-1" FF="0" LUT="11" fileDirectory="C:\Users\alexa\AppData\Roaming\Xilinx\Vivado\apint_arith"><\/item>
<item  id="30" filename="apint_arith.c" linenumber="23" name="sdiv_ln23" contextFuncName="apint_arith" moduleName="apint_arith" rtlName="apint_arith_sdiv_bkb_U1" latency="11" BRAM="-1" DSP="-1" FF="-1" LUT="-1" fileDirectory="C:\Users\alexa\AppData\Roaming\Xilinx\Vivado\apint_arith"><\/item>
<item  id="32" filename="apint_arith.c" linenumber="24" name="srem_ln24" contextFuncName="apint_arith" moduleName="apint_arith" rtlName="apint_arith_srem_cud_U2" latency="11" BRAM="-1" DSP="-1" FF="-1" LUT="-1" fileDirectory="C:\Users\alexa\AppData\Roaming\Xilinx\Vivado\apint_arith"><\/item>
<item  id="35" filename="apint_arith.c" linenumber="18" name="mul_ln18" contextFuncName="apint_arith" moduleName="apint_arith" rtlName="mul_ln18_fu_122_p2" latency="0" BRAM="-1" DSP="0" FF="0" LUT="41" fileDirectory="C:\Users\alexa\AppData\Roaming\Xilinx\Vivado\apint_arith"><\/item>
<item  id="39" filename="apint_arith.c" linenumber="13" name="sub_ln13" contextFuncName="apint_arith" moduleName="apint_arith" rtlName="sub_ln13_fu_129_p2" latency="0" BRAM="-1" DSP="-1" FF="0" LUT="15" fileDirectory="C:\Users\alexa\AppData\Roaming\Xilinx\Vivado\apint_arith"><\/item>
<item  id="43" filename="apint_arith.c" linenumber="8" name="add_ln8" contextFuncName="apint_arith" moduleName="apint_arith" rtlName="add_ln8_fu_136_p2" latency="0" BRAM="-1" DSP="-1" FF="0" LUT="15" fileDirectory="C:\Users\alexa\AppData\Roaming\Xilinx\Vivado\apint_arith"><\/item>
<\/annotationInfo>
</annotationInfo>
