<stg><name>apint_arith</name>


<trans_list>

<trans id="70" from="1" to="2">
<condition id="-1">
<or_exp><and_exp><literal name="icmp_ln6" val="0"/>
<literal name="icmp_ln11" val="0"/>
<literal name="icmp_ln16" val="0"/>
<literal name="icmp_ln21" val="1"/>
</and_exp></or_exp>
</condition>
</trans>

<trans id="71" from="1" to="12">
<condition id="-1">
<or_exp><and_exp><literal name="icmp_ln21" val="0"/>
</and_exp><and_exp><literal name="icmp_ln16" val="1"/>
</and_exp><and_exp><literal name="icmp_ln11" val="1"/>
</and_exp><and_exp><literal name="icmp_ln6" val="1"/>
</and_exp></or_exp>
</condition>
</trans>

<trans id="73" from="2" to="3">
<condition id="-1">
<or_exp><and_exp></and_exp></or_exp>
</condition>
</trans>

<trans id="74" from="3" to="4">
<condition id="-1">
<or_exp><and_exp></and_exp></or_exp>
</condition>
</trans>

<trans id="75" from="4" to="5">
<condition id="-1">
<or_exp><and_exp></and_exp></or_exp>
</condition>
</trans>

<trans id="76" from="5" to="6">
<condition id="-1">
<or_exp><and_exp></and_exp></or_exp>
</condition>
</trans>

<trans id="77" from="6" to="7">
<condition id="-1">
<or_exp><and_exp></and_exp></or_exp>
</condition>
</trans>

<trans id="78" from="7" to="8">
<condition id="-1">
<or_exp><and_exp></and_exp></or_exp>
</condition>
</trans>

<trans id="79" from="8" to="9">
<condition id="-1">
<or_exp><and_exp></and_exp></or_exp>
</condition>
</trans>

<trans id="80" from="9" to="10">
<condition id="-1">
<or_exp><and_exp></and_exp></or_exp>
</condition>
</trans>

<trans id="81" from="10" to="11">
<condition id="-1">
<or_exp><and_exp></and_exp></or_exp>
</condition>
</trans>

<trans id="82" from="11" to="12">
<condition id="-1">
<or_exp><and_exp></and_exp></or_exp>
</condition>
</trans>
</trans_list>



<state_list>

<state id="1" st_id="1">

<operation id="13" st_id="1" stage="1" lat="1">
<core>NULL</core>
<MemPortIdVec></MemPortIdVec>
<condition id="-1">
<or_exp><and_exp></and_exp></or_exp>
</condition>

<Node id="6" bw="0" op_0_bw="0" op_1_bw="8">
<![CDATA[
:0  call void (...)* @_ssdm_op_SpecBitsMap(i8 %inA) nounwind, !map !7

]]></Node>
<StgValue><ssdm name="specbitsmap_ln0"/></StgValue>
</operation>

<operation id="14" st_id="1" stage="1" lat="1">
<core>NULL</core>
<MemPortIdVec></MemPortIdVec>
<condition id="-1">
<or_exp><and_exp></and_exp></or_exp>
</condition>

<Node id="7" bw="0" op_0_bw="0" op_1_bw="8">
<![CDATA[
:1  call void (...)* @_ssdm_op_SpecBitsMap(i8 %inB) nounwind, !map !13

]]></Node>
<StgValue><ssdm name="specbitsmap_ln0"/></StgValue>
</operation>

<operation id="15" st_id="1" stage="1" lat="1">
<core>NULL</core>
<MemPortIdVec></MemPortIdVec>
<condition id="-1">
<or_exp><and_exp></and_exp></or_exp>
</condition>

<Node id="8" bw="0" op_0_bw="0" op_1_bw="8">
<![CDATA[
:2  call void (...)* @_ssdm_op_SpecBitsMap(i8 %operation) nounwind, !map !17

]]></Node>
<StgValue><ssdm name="specbitsmap_ln0"/></StgValue>
</operation>

<operation id="16" st_id="1" stage="1" lat="1">
<core>NULL</core>
<MemPortIdVec></MemPortIdVec>
<condition id="-1">
<or_exp><and_exp></and_exp></or_exp>
</condition>

<Node id="9" bw="0" op_0_bw="0" op_1_bw="8">
<![CDATA[
:3  call void (...)* @_ssdm_op_SpecBitsMap(i8* %out_r) nounwind, !map !21

]]></Node>
<StgValue><ssdm name="specbitsmap_ln0"/></StgValue>
</operation>

<operation id="17" st_id="1" stage="1" lat="1">
<core>NULL</core>
<MemPortIdVec></MemPortIdVec>
<condition id="-1">
<or_exp><and_exp></and_exp></or_exp>
</condition>

<Node id="10" bw="0" op_0_bw="0" op_1_bw="8">
<![CDATA[
:4  call void (...)* @_ssdm_op_SpecBitsMap(i8* %rem_r) nounwind, !map !27

]]></Node>
<StgValue><ssdm name="specbitsmap_ln0"/></StgValue>
</operation>

<operation id="18" st_id="1" stage="1" lat="1">
<core>NULL</core>
<MemPortIdVec></MemPortIdVec>
<condition id="-1">
<or_exp><and_exp></and_exp></or_exp>
</condition>

<Node id="11" bw="0" op_0_bw="0" op_1_bw="0">
<![CDATA[
:5  call void (...)* @_ssdm_op_SpecTopModule([12 x i8]* @apint_arith_str) nounwind

]]></Node>
<StgValue><ssdm name="spectopmodule_ln0"/></StgValue>
</operation>

<operation id="19" st_id="1" stage="1" lat="1">
<core>NULL</core>
<MemPortIdVec></MemPortIdVec>
<condition id="-1">
<or_exp><and_exp></and_exp></or_exp>
</condition>

<Node id="12" bw="8" op_0_bw="8" op_1_bw="8">
<![CDATA[
:6  %operation_read = call i8 @_ssdm_op_Read.ap_auto.i8(i8 %operation) nounwind

]]></Node>
<StgValue><ssdm name="operation_read"/></StgValue>
</operation>

<operation id="20" st_id="1" stage="1" lat="1">
<core>NULL</core>
<MemPortIdVec></MemPortIdVec>
<condition id="-1">
<or_exp><and_exp></and_exp></or_exp>
</condition>

<Node id="13" bw="8" op_0_bw="8" op_1_bw="8">
<![CDATA[
:7  %inB_read = call i8 @_ssdm_op_Read.ap_auto.i8(i8 %inB) nounwind

]]></Node>
<StgValue><ssdm name="inB_read"/></StgValue>
</operation>

<operation id="21" st_id="1" stage="1" lat="1">
<core>NULL</core>
<MemPortIdVec></MemPortIdVec>
<condition id="-1">
<or_exp><and_exp></and_exp></or_exp>
</condition>

<Node id="14" bw="8" op_0_bw="8" op_1_bw="8">
<![CDATA[
:8  %inA_read = call i8 @_ssdm_op_Read.ap_auto.i8(i8 %inA) nounwind

]]></Node>
<StgValue><ssdm name="inA_read"/></StgValue>
</operation>

<operation id="22" st_id="1" stage="1" lat="1">
<core>Cmp</core>
<MemPortIdVec></MemPortIdVec>
<condition id="-1">
<or_exp><and_exp></and_exp></or_exp>
</condition>

<Node id="15" bw="1" op_0_bw="8" op_1_bw="8">
<![CDATA[
:9  %icmp_ln6 = icmp eq i8 %operation_read, 1

]]></Node>
<StgValue><ssdm name="icmp_ln6"/></StgValue>
</operation>

<operation id="23" st_id="1" stage="1" lat="1">
<core>NULL</core>
<MemPortIdVec></MemPortIdVec>
<condition id="-1">
<or_exp><and_exp></and_exp></or_exp>
</condition>

<Node id="16" bw="0" op_0_bw="1" op_1_bw="0" op_2_bw="0">
<![CDATA[
:10  br i1 %icmp_ln6, label %1, label %2

]]></Node>
<StgValue><ssdm name="br_ln6"/></StgValue>
</operation>

<operation id="24" st_id="1" stage="1" lat="1">
<core>Cmp</core>
<MemPortIdVec></MemPortIdVec>
<condition id="-1">
<or_exp><and_exp><literal name="icmp_ln6" val="0"/>
</and_exp></or_exp>
</condition>

<Node id="18" bw="1" op_0_bw="8" op_1_bw="8">
<![CDATA[
:0  %icmp_ln11 = icmp eq i8 %operation_read, 2

]]></Node>
<StgValue><ssdm name="icmp_ln11"/></StgValue>
</operation>

<operation id="25" st_id="1" stage="1" lat="1">
<core>NULL</core>
<MemPortIdVec></MemPortIdVec>
<condition id="-1">
<or_exp><and_exp><literal name="icmp_ln6" val="0"/>
</and_exp></or_exp>
</condition>

<Node id="19" bw="0" op_0_bw="1" op_1_bw="0" op_2_bw="0">
<![CDATA[
:1  br i1 %icmp_ln11, label %3, label %4

]]></Node>
<StgValue><ssdm name="br_ln11"/></StgValue>
</operation>

<operation id="26" st_id="1" stage="1" lat="1">
<core>Cmp</core>
<MemPortIdVec></MemPortIdVec>
<condition id="-1">
<or_exp><and_exp><literal name="icmp_ln6" val="0"/>
<literal name="icmp_ln11" val="0"/>
</and_exp></or_exp>
</condition>

<Node id="21" bw="1" op_0_bw="8" op_1_bw="8">
<![CDATA[
:0  %icmp_ln16 = icmp eq i8 %operation_read, 3

]]></Node>
<StgValue><ssdm name="icmp_ln16"/></StgValue>
</operation>

<operation id="27" st_id="1" stage="1" lat="1">
<core>NULL</core>
<MemPortIdVec></MemPortIdVec>
<condition id="-1">
<or_exp><and_exp><literal name="icmp_ln6" val="0"/>
<literal name="icmp_ln11" val="0"/>
</and_exp></or_exp>
</condition>

<Node id="22" bw="0" op_0_bw="1" op_1_bw="0" op_2_bw="0">
<![CDATA[
:1  br i1 %icmp_ln16, label %5, label %6

]]></Node>
<StgValue><ssdm name="br_ln16"/></StgValue>
</operation>

<operation id="28" st_id="1" stage="1" lat="1">
<core>Cmp</core>
<MemPortIdVec></MemPortIdVec>
<condition id="-1">
<or_exp><and_exp><literal name="icmp_ln6" val="0"/>
<literal name="icmp_ln11" val="0"/>
<literal name="icmp_ln16" val="0"/>
</and_exp></or_exp>
</condition>

<Node id="24" bw="1" op_0_bw="8" op_1_bw="8">
<![CDATA[
:0  %icmp_ln21 = icmp eq i8 %operation_read, 4

]]></Node>
<StgValue><ssdm name="icmp_ln21"/></StgValue>
</operation>

<operation id="29" st_id="1" stage="1" lat="1">
<core>NULL</core>
<MemPortIdVec></MemPortIdVec>
<condition id="-1">
<or_exp><and_exp><literal name="icmp_ln6" val="0"/>
<literal name="icmp_ln11" val="0"/>
<literal name="icmp_ln16" val="0"/>
</and_exp></or_exp>
</condition>

<Node id="25" bw="0" op_0_bw="1" op_1_bw="0" op_2_bw="0">
<![CDATA[
:1  br i1 %icmp_ln21, label %7, label %8

]]></Node>
<StgValue><ssdm name="br_ln21"/></StgValue>
</operation>

<operation id="30" st_id="1" stage="1" lat="1">
<core>NULL</core>
<MemPortIdVec></MemPortIdVec>
<condition id="-1">
<or_exp><and_exp><literal name="icmp_ln6" val="0"/>
<literal name="icmp_ln11" val="0"/>
<literal name="icmp_ln16" val="0"/>
<literal name="icmp_ln21" val="0"/>
</and_exp></or_exp>
</condition>

<Node id="27" bw="0" op_0_bw="0" op_1_bw="8" op_2_bw="8">
<![CDATA[
:0  call void @_ssdm_op_Write.ap_auto.i8P(i8* %out_r, i8 0) nounwind

]]></Node>
<StgValue><ssdm name="write_ln28"/></StgValue>
</operation>

<operation id="31" st_id="1" stage="1" lat="1">
<core>NULL</core>
<MemPortIdVec></MemPortIdVec>
<condition id="-1">
<or_exp><and_exp><literal name="icmp_ln6" val="0"/>
<literal name="icmp_ln11" val="0"/>
<literal name="icmp_ln16" val="0"/>
<literal name="icmp_ln21" val="0"/>
</and_exp></or_exp>
</condition>

<Node id="28" bw="0" op_0_bw="0">
<![CDATA[
:1  br label %9

]]></Node>
<StgValue><ssdm name="br_ln0"/></StgValue>
</operation>

<operation id="32" st_id="1" stage="12" lat="12">
<core>DivnS_SEQ</core>
<MemPortIdVec></MemPortIdVec>
<condition id="-1">
<or_exp><and_exp><literal name="icmp_ln6" val="0"/>
<literal name="icmp_ln11" val="0"/>
<literal name="icmp_ln16" val="0"/>
<literal name="icmp_ln21" val="1"/>
</and_exp></or_exp>
</condition>

<Node id="30" bw="8" op_0_bw="8" op_1_bw="8">
<![CDATA[
:0  %sdiv_ln23 = sdiv i8 %inA_read, %inB_read

]]></Node>
<StgValue><ssdm name="sdiv_ln23"/></StgValue>
</operation>

<operation id="33" st_id="1" stage="12" lat="12">
<core>DivnS_SEQ</core>
<MemPortIdVec></MemPortIdVec>
<condition id="-1">
<or_exp><and_exp><literal name="icmp_ln6" val="0"/>
<literal name="icmp_ln11" val="0"/>
<literal name="icmp_ln16" val="0"/>
<literal name="icmp_ln21" val="1"/>
</and_exp></or_exp>
</condition>

<Node id="32" bw="8" op_0_bw="8" op_1_bw="8">
<![CDATA[
:2  %srem_ln24 = srem i8 %inA_read, %inB_read

]]></Node>
<StgValue><ssdm name="srem_ln24"/></StgValue>
</operation>

<operation id="34" st_id="1" stage="1" lat="1">
<core>Mul</core>
<MemPortIdVec></MemPortIdVec>
<condition id="-1">
<or_exp><and_exp><literal name="icmp_ln6" val="0"/>
<literal name="icmp_ln11" val="0"/>
<literal name="icmp_ln16" val="1"/>
</and_exp></or_exp>
</condition>

<Node id="35" bw="8" op_0_bw="8" op_1_bw="8">
<![CDATA[
:0  %mul_ln18 = mul i8 %inB_read, %inA_read

]]></Node>
<StgValue><ssdm name="mul_ln18"/></StgValue>
</operation>

<operation id="35" st_id="1" stage="1" lat="1">
<core>NULL</core>
<MemPortIdVec></MemPortIdVec>
<condition id="-1">
<or_exp><and_exp><literal name="icmp_ln6" val="0"/>
<literal name="icmp_ln11" val="0"/>
<literal name="icmp_ln16" val="1"/>
</and_exp></or_exp>
</condition>

<Node id="36" bw="0" op_0_bw="0" op_1_bw="8" op_2_bw="8">
<![CDATA[
:1  call void @_ssdm_op_Write.ap_auto.i8P(i8* %out_r, i8 %mul_ln18) nounwind

]]></Node>
<StgValue><ssdm name="write_ln18"/></StgValue>
</operation>

<operation id="36" st_id="1" stage="1" lat="1">
<core>NULL</core>
<MemPortIdVec></MemPortIdVec>
<condition id="-1">
<or_exp><and_exp><literal name="icmp_ln6" val="0"/>
<literal name="icmp_ln11" val="0"/>
<literal name="icmp_ln16" val="1"/>
</and_exp></or_exp>
</condition>

<Node id="37" bw="0" op_0_bw="0">
<![CDATA[
:2  br label %9

]]></Node>
<StgValue><ssdm name="br_ln20"/></StgValue>
</operation>

<operation id="37" st_id="1" stage="1" lat="1">
<core>AddSub</core>
<MemPortIdVec></MemPortIdVec>
<condition id="-1">
<or_exp><and_exp><literal name="icmp_ln6" val="0"/>
<literal name="icmp_ln11" val="1"/>
</and_exp></or_exp>
</condition>

<Node id="39" bw="8" op_0_bw="8" op_1_bw="8">
<![CDATA[
:0  %sub_ln13 = sub i8 %inA_read, %inB_read

]]></Node>
<StgValue><ssdm name="sub_ln13"/></StgValue>
</operation>

<operation id="38" st_id="1" stage="1" lat="1">
<core>NULL</core>
<MemPortIdVec></MemPortIdVec>
<condition id="-1">
<or_exp><and_exp><literal name="icmp_ln6" val="0"/>
<literal name="icmp_ln11" val="1"/>
</and_exp></or_exp>
</condition>

<Node id="40" bw="0" op_0_bw="0" op_1_bw="8" op_2_bw="8">
<![CDATA[
:1  call void @_ssdm_op_Write.ap_auto.i8P(i8* %out_r, i8 %sub_ln13) nounwind

]]></Node>
<StgValue><ssdm name="write_ln13"/></StgValue>
</operation>

<operation id="39" st_id="1" stage="1" lat="1">
<core>NULL</core>
<MemPortIdVec></MemPortIdVec>
<condition id="-1">
<or_exp><and_exp><literal name="icmp_ln6" val="0"/>
<literal name="icmp_ln11" val="1"/>
</and_exp></or_exp>
</condition>

<Node id="41" bw="0" op_0_bw="0">
<![CDATA[
:2  br label %9

]]></Node>
<StgValue><ssdm name="br_ln15"/></StgValue>
</operation>

<operation id="40" st_id="1" stage="1" lat="1">
<core>AddSub</core>
<MemPortIdVec></MemPortIdVec>
<condition id="-1">
<or_exp><and_exp><literal name="icmp_ln6" val="1"/>
</and_exp></or_exp>
</condition>

<Node id="43" bw="8" op_0_bw="8" op_1_bw="8">
<![CDATA[
:0  %add_ln8 = add i8 %inB_read, %inA_read

]]></Node>
<StgValue><ssdm name="add_ln8"/></StgValue>
</operation>

<operation id="41" st_id="1" stage="1" lat="1">
<core>NULL</core>
<MemPortIdVec></MemPortIdVec>
<condition id="-1">
<or_exp><and_exp><literal name="icmp_ln6" val="1"/>
</and_exp></or_exp>
</condition>

<Node id="44" bw="0" op_0_bw="0" op_1_bw="8" op_2_bw="8">
<![CDATA[
:1  call void @_ssdm_op_Write.ap_auto.i8P(i8* %out_r, i8 %add_ln8) nounwind

]]></Node>
<StgValue><ssdm name="write_ln8"/></StgValue>
</operation>

<operation id="42" st_id="1" stage="1" lat="1">
<core>NULL</core>
<MemPortIdVec></MemPortIdVec>
<condition id="-1">
<or_exp><and_exp><literal name="icmp_ln6" val="1"/>
</and_exp></or_exp>
</condition>

<Node id="45" bw="0" op_0_bw="0">
<![CDATA[
:2  br label %9

]]></Node>
<StgValue><ssdm name="br_ln10"/></StgValue>
</operation>
</state>

<state id="2" st_id="2">

<operation id="43" st_id="2" stage="11" lat="12">
<core>DivnS_SEQ</core>
<MemPortIdVec></MemPortIdVec>
<condition id="-1">
<or_exp><and_exp></and_exp></or_exp>
</condition>

<Node id="30" bw="8" op_0_bw="8" op_1_bw="8">
<![CDATA[
:0  %sdiv_ln23 = sdiv i8 %inA_read, %inB_read

]]></Node>
<StgValue><ssdm name="sdiv_ln23"/></StgValue>
</operation>

<operation id="44" st_id="2" stage="11" lat="12">
<core>DivnS_SEQ</core>
<MemPortIdVec></MemPortIdVec>
<condition id="-1">
<or_exp><and_exp></and_exp></or_exp>
</condition>

<Node id="32" bw="8" op_0_bw="8" op_1_bw="8">
<![CDATA[
:2  %srem_ln24 = srem i8 %inA_read, %inB_read

]]></Node>
<StgValue><ssdm name="srem_ln24"/></StgValue>
</operation>
</state>

<state id="3" st_id="3">

<operation id="45" st_id="3" stage="10" lat="12">
<core>DivnS_SEQ</core>
<MemPortIdVec></MemPortIdVec>
<condition id="-1">
<or_exp><and_exp></and_exp></or_exp>
</condition>

<Node id="30" bw="8" op_0_bw="8" op_1_bw="8">
<![CDATA[
:0  %sdiv_ln23 = sdiv i8 %inA_read, %inB_read

]]></Node>
<StgValue><ssdm name="sdiv_ln23"/></StgValue>
</operation>

<operation id="46" st_id="3" stage="10" lat="12">
<core>DivnS_SEQ</core>
<MemPortIdVec></MemPortIdVec>
<condition id="-1">
<or_exp><and_exp></and_exp></or_exp>
</condition>

<Node id="32" bw="8" op_0_bw="8" op_1_bw="8">
<![CDATA[
:2  %srem_ln24 = srem i8 %inA_read, %inB_read

]]></Node>
<StgValue><ssdm name="srem_ln24"/></StgValue>
</operation>
</state>

<state id="4" st_id="4">

<operation id="47" st_id="4" stage="9" lat="12">
<core>DivnS_SEQ</core>
<MemPortIdVec></MemPortIdVec>
<condition id="-1">
<or_exp><and_exp></and_exp></or_exp>
</condition>

<Node id="30" bw="8" op_0_bw="8" op_1_bw="8">
<![CDATA[
:0  %sdiv_ln23 = sdiv i8 %inA_read, %inB_read

]]></Node>
<StgValue><ssdm name="sdiv_ln23"/></StgValue>
</operation>

<operation id="48" st_id="4" stage="9" lat="12">
<core>DivnS_SEQ</core>
<MemPortIdVec></MemPortIdVec>
<condition id="-1">
<or_exp><and_exp></and_exp></or_exp>
</condition>

<Node id="32" bw="8" op_0_bw="8" op_1_bw="8">
<![CDATA[
:2  %srem_ln24 = srem i8 %inA_read, %inB_read

]]></Node>
<StgValue><ssdm name="srem_ln24"/></StgValue>
</operation>
</state>

<state id="5" st_id="5">

<operation id="49" st_id="5" stage="8" lat="12">
<core>DivnS_SEQ</core>
<MemPortIdVec></MemPortIdVec>
<condition id="-1">
<or_exp><and_exp></and_exp></or_exp>
</condition>

<Node id="30" bw="8" op_0_bw="8" op_1_bw="8">
<![CDATA[
:0  %sdiv_ln23 = sdiv i8 %inA_read, %inB_read

]]></Node>
<StgValue><ssdm name="sdiv_ln23"/></StgValue>
</operation>

<operation id="50" st_id="5" stage="8" lat="12">
<core>DivnS_SEQ</core>
<MemPortIdVec></MemPortIdVec>
<condition id="-1">
<or_exp><and_exp></and_exp></or_exp>
</condition>

<Node id="32" bw="8" op_0_bw="8" op_1_bw="8">
<![CDATA[
:2  %srem_ln24 = srem i8 %inA_read, %inB_read

]]></Node>
<StgValue><ssdm name="srem_ln24"/></StgValue>
</operation>
</state>

<state id="6" st_id="6">

<operation id="51" st_id="6" stage="7" lat="12">
<core>DivnS_SEQ</core>
<MemPortIdVec></MemPortIdVec>
<condition id="-1">
<or_exp><and_exp></and_exp></or_exp>
</condition>

<Node id="30" bw="8" op_0_bw="8" op_1_bw="8">
<![CDATA[
:0  %sdiv_ln23 = sdiv i8 %inA_read, %inB_read

]]></Node>
<StgValue><ssdm name="sdiv_ln23"/></StgValue>
</operation>

<operation id="52" st_id="6" stage="7" lat="12">
<core>DivnS_SEQ</core>
<MemPortIdVec></MemPortIdVec>
<condition id="-1">
<or_exp><and_exp></and_exp></or_exp>
</condition>

<Node id="32" bw="8" op_0_bw="8" op_1_bw="8">
<![CDATA[
:2  %srem_ln24 = srem i8 %inA_read, %inB_read

]]></Node>
<StgValue><ssdm name="srem_ln24"/></StgValue>
</operation>
</state>

<state id="7" st_id="7">

<operation id="53" st_id="7" stage="6" lat="12">
<core>DivnS_SEQ</core>
<MemPortIdVec></MemPortIdVec>
<condition id="-1">
<or_exp><and_exp></and_exp></or_exp>
</condition>

<Node id="30" bw="8" op_0_bw="8" op_1_bw="8">
<![CDATA[
:0  %sdiv_ln23 = sdiv i8 %inA_read, %inB_read

]]></Node>
<StgValue><ssdm name="sdiv_ln23"/></StgValue>
</operation>

<operation id="54" st_id="7" stage="6" lat="12">
<core>DivnS_SEQ</core>
<MemPortIdVec></MemPortIdVec>
<condition id="-1">
<or_exp><and_exp></and_exp></or_exp>
</condition>

<Node id="32" bw="8" op_0_bw="8" op_1_bw="8">
<![CDATA[
:2  %srem_ln24 = srem i8 %inA_read, %inB_read

]]></Node>
<StgValue><ssdm name="srem_ln24"/></StgValue>
</operation>
</state>

<state id="8" st_id="8">

<operation id="55" st_id="8" stage="5" lat="12">
<core>DivnS_SEQ</core>
<MemPortIdVec></MemPortIdVec>
<condition id="-1">
<or_exp><and_exp></and_exp></or_exp>
</condition>

<Node id="30" bw="8" op_0_bw="8" op_1_bw="8">
<![CDATA[
:0  %sdiv_ln23 = sdiv i8 %inA_read, %inB_read

]]></Node>
<StgValue><ssdm name="sdiv_ln23"/></StgValue>
</operation>

<operation id="56" st_id="8" stage="5" lat="12">
<core>DivnS_SEQ</core>
<MemPortIdVec></MemPortIdVec>
<condition id="-1">
<or_exp><and_exp></and_exp></or_exp>
</condition>

<Node id="32" bw="8" op_0_bw="8" op_1_bw="8">
<![CDATA[
:2  %srem_ln24 = srem i8 %inA_read, %inB_read

]]></Node>
<StgValue><ssdm name="srem_ln24"/></StgValue>
</operation>
</state>

<state id="9" st_id="9">

<operation id="57" st_id="9" stage="4" lat="12">
<core>DivnS_SEQ</core>
<MemPortIdVec></MemPortIdVec>
<condition id="-1">
<or_exp><and_exp></and_exp></or_exp>
</condition>

<Node id="30" bw="8" op_0_bw="8" op_1_bw="8">
<![CDATA[
:0  %sdiv_ln23 = sdiv i8 %inA_read, %inB_read

]]></Node>
<StgValue><ssdm name="sdiv_ln23"/></StgValue>
</operation>

<operation id="58" st_id="9" stage="4" lat="12">
<core>DivnS_SEQ</core>
<MemPortIdVec></MemPortIdVec>
<condition id="-1">
<or_exp><and_exp></and_exp></or_exp>
</condition>

<Node id="32" bw="8" op_0_bw="8" op_1_bw="8">
<![CDATA[
:2  %srem_ln24 = srem i8 %inA_read, %inB_read

]]></Node>
<StgValue><ssdm name="srem_ln24"/></StgValue>
</operation>
</state>

<state id="10" st_id="10">

<operation id="59" st_id="10" stage="3" lat="12">
<core>DivnS_SEQ</core>
<MemPortIdVec></MemPortIdVec>
<condition id="-1">
<or_exp><and_exp></and_exp></or_exp>
</condition>

<Node id="30" bw="8" op_0_bw="8" op_1_bw="8">
<![CDATA[
:0  %sdiv_ln23 = sdiv i8 %inA_read, %inB_read

]]></Node>
<StgValue><ssdm name="sdiv_ln23"/></StgValue>
</operation>

<operation id="60" st_id="10" stage="3" lat="12">
<core>DivnS_SEQ</core>
<MemPortIdVec></MemPortIdVec>
<condition id="-1">
<or_exp><and_exp></and_exp></or_exp>
</condition>

<Node id="32" bw="8" op_0_bw="8" op_1_bw="8">
<![CDATA[
:2  %srem_ln24 = srem i8 %inA_read, %inB_read

]]></Node>
<StgValue><ssdm name="srem_ln24"/></StgValue>
</operation>
</state>

<state id="11" st_id="11">

<operation id="61" st_id="11" stage="2" lat="12">
<core>DivnS_SEQ</core>
<MemPortIdVec></MemPortIdVec>
<condition id="-1">
<or_exp><and_exp></and_exp></or_exp>
</condition>

<Node id="30" bw="8" op_0_bw="8" op_1_bw="8">
<![CDATA[
:0  %sdiv_ln23 = sdiv i8 %inA_read, %inB_read

]]></Node>
<StgValue><ssdm name="sdiv_ln23"/></StgValue>
</operation>

<operation id="62" st_id="11" stage="2" lat="12">
<core>DivnS_SEQ</core>
<MemPortIdVec></MemPortIdVec>
<condition id="-1">
<or_exp><and_exp></and_exp></or_exp>
</condition>

<Node id="32" bw="8" op_0_bw="8" op_1_bw="8">
<![CDATA[
:2  %srem_ln24 = srem i8 %inA_read, %inB_read

]]></Node>
<StgValue><ssdm name="srem_ln24"/></StgValue>
</operation>
</state>

<state id="12" st_id="12">

<operation id="63" st_id="12" stage="1" lat="12">
<core>DivnS_SEQ</core>
<MemPortIdVec></MemPortIdVec>
<condition id="-1">
<or_exp><and_exp><literal name="icmp_ln6" val="0"/>
<literal name="icmp_ln11" val="0"/>
<literal name="icmp_ln16" val="0"/>
<literal name="icmp_ln21" val="1"/>
</and_exp></or_exp>
</condition>

<Node id="30" bw="8" op_0_bw="8" op_1_bw="8">
<![CDATA[
:0  %sdiv_ln23 = sdiv i8 %inA_read, %inB_read

]]></Node>
<StgValue><ssdm name="sdiv_ln23"/></StgValue>
</operation>

<operation id="64" st_id="12" stage="1" lat="1">
<core>NULL</core>
<MemPortIdVec></MemPortIdVec>
<condition id="-1">
<or_exp><and_exp><literal name="icmp_ln6" val="0"/>
<literal name="icmp_ln11" val="0"/>
<literal name="icmp_ln16" val="0"/>
<literal name="icmp_ln21" val="1"/>
</and_exp></or_exp>
</condition>

<Node id="31" bw="0" op_0_bw="0" op_1_bw="8" op_2_bw="8">
<![CDATA[
:1  call void @_ssdm_op_Write.ap_auto.i8P(i8* %out_r, i8 %sdiv_ln23) nounwind

]]></Node>
<StgValue><ssdm name="write_ln23"/></StgValue>
</operation>

<operation id="65" st_id="12" stage="1" lat="12">
<core>DivnS_SEQ</core>
<MemPortIdVec></MemPortIdVec>
<condition id="-1">
<or_exp><and_exp><literal name="icmp_ln6" val="0"/>
<literal name="icmp_ln11" val="0"/>
<literal name="icmp_ln16" val="0"/>
<literal name="icmp_ln21" val="1"/>
</and_exp></or_exp>
</condition>

<Node id="32" bw="8" op_0_bw="8" op_1_bw="8">
<![CDATA[
:2  %srem_ln24 = srem i8 %inA_read, %inB_read

]]></Node>
<StgValue><ssdm name="srem_ln24"/></StgValue>
</operation>

<operation id="66" st_id="12" stage="1" lat="1">
<core>NULL</core>
<MemPortIdVec></MemPortIdVec>
<condition id="-1">
<or_exp><and_exp><literal name="icmp_ln6" val="0"/>
<literal name="icmp_ln11" val="0"/>
<literal name="icmp_ln16" val="0"/>
<literal name="icmp_ln21" val="1"/>
</and_exp></or_exp>
</condition>

<Node id="33" bw="0" op_0_bw="0">
<![CDATA[
:3  br label %9

]]></Node>
<StgValue><ssdm name="br_ln25"/></StgValue>
</operation>

<operation id="67" st_id="12" stage="1" lat="1">
<core>NULL</core>
<MemPortIdVec></MemPortIdVec>
<condition id="-1">
<or_exp><and_exp></and_exp></or_exp>
</condition>

<Node id="47" bw="8" op_0_bw="8" op_1_bw="0" op_2_bw="8" op_3_bw="0" op_4_bw="8" op_5_bw="0" op_6_bw="8" op_7_bw="0" op_8_bw="8" op_9_bw="0">
<![CDATA[
:0  %storemerge3 = phi i8 [ 0, %1 ], [ 0, %3 ], [ 0, %5 ], [ 0, %8 ], [ %srem_ln24, %7 ]

]]></Node>
<StgValue><ssdm name="storemerge3"/></StgValue>
</operation>

<operation id="68" st_id="12" stage="1" lat="1">
<core>NULL</core>
<MemPortIdVec></MemPortIdVec>
<condition id="-1">
<or_exp><and_exp></and_exp></or_exp>
</condition>

<Node id="48" bw="0" op_0_bw="0" op_1_bw="8" op_2_bw="8">
<![CDATA[
:1  call void @_ssdm_op_Write.ap_auto.i8P(i8* %rem_r, i8 %storemerge3) nounwind

]]></Node>
<StgValue><ssdm name="write_ln9"/></StgValue>
</operation>

<operation id="69" st_id="12" stage="1" lat="1">
<core>NULL</core>
<MemPortIdVec></MemPortIdVec>
<condition id="-1">
<or_exp><and_exp></and_exp></or_exp>
</condition>

<Node id="49" bw="0">
<![CDATA[
:2  ret void

]]></Node>
<StgValue><ssdm name="ret_ln33"/></StgValue>
</operation>
</state>
</state_list>


<ports>
<port id="86" name="inA" dir="0" iftype="0">
<core>NULL</core><StgValue><ssdm name="inA"/></StgValue>
</port>
<port id="87" name="inB" dir="0" iftype="0">
<core>NULL</core><StgValue><ssdm name="inB"/></StgValue>
</port>
<port id="88" name="operation" dir="0" iftype="0">
<core>NULL</core><StgValue><ssdm name="operation"/></StgValue>
</port>
<port id="89" name="out_r" dir="1" iftype="0">
<core>NULL</core><StgValue><ssdm name="out_r"/></StgValue>
</port>
<port id="90" name="rem_r" dir="1" iftype="0">
<core>NULL</core><StgValue><ssdm name="rem_r"/></StgValue>
</port>
</ports>


<dataflows>
<dataflow id="92" from="_ssdm_op_SpecBitsMap" to="specbitsmap_ln0" fromId="91" toId="13">
</dataflow>
<dataflow id="93" from="inA" to="specbitsmap_ln0" fromId="86" toId="13">
</dataflow>
<dataflow id="94" from="_ssdm_op_SpecBitsMap" to="specbitsmap_ln0" fromId="91" toId="14">
</dataflow>
<dataflow id="95" from="inB" to="specbitsmap_ln0" fromId="87" toId="14">
</dataflow>
<dataflow id="96" from="_ssdm_op_SpecBitsMap" to="specbitsmap_ln0" fromId="91" toId="15">
</dataflow>
<dataflow id="97" from="operation" to="specbitsmap_ln0" fromId="88" toId="15">
</dataflow>
<dataflow id="98" from="_ssdm_op_SpecBitsMap" to="specbitsmap_ln0" fromId="91" toId="16">
</dataflow>
<dataflow id="99" from="out_r" to="specbitsmap_ln0" fromId="89" toId="16">
</dataflow>
<dataflow id="100" from="_ssdm_op_SpecBitsMap" to="specbitsmap_ln0" fromId="91" toId="17">
</dataflow>
<dataflow id="101" from="rem_r" to="specbitsmap_ln0" fromId="90" toId="17">
</dataflow>
<dataflow id="103" from="_ssdm_op_SpecTopModule" to="spectopmodule_ln0" fromId="102" toId="18">
</dataflow>
<dataflow id="105" from="apint_arith_str" to="spectopmodule_ln0" fromId="104" toId="18">
</dataflow>
<dataflow id="107" from="_ssdm_op_Read.ap_auto.i8" to="operation_read" fromId="106" toId="19">
</dataflow>
<dataflow id="108" from="operation" to="operation_read" fromId="88" toId="19">
</dataflow>
<dataflow id="109" from="_ssdm_op_Read.ap_auto.i8" to="inB_read" fromId="106" toId="20">
</dataflow>
<dataflow id="110" from="inB" to="inB_read" fromId="87" toId="20">
</dataflow>
<dataflow id="111" from="_ssdm_op_Read.ap_auto.i8" to="inA_read" fromId="106" toId="21">
</dataflow>
<dataflow id="112" from="inA" to="inA_read" fromId="86" toId="21">
</dataflow>
<dataflow id="113" from="operation_read" to="icmp_ln6" fromId="19" toId="22">
</dataflow>
<dataflow id="115" from="StgValue_114" to="icmp_ln6" fromId="114" toId="22">
</dataflow>
<dataflow id="116" from="icmp_ln6" to="br_ln6" fromId="22" toId="23">
</dataflow>
<dataflow id="117" from="operation_read" to="icmp_ln11" fromId="19" toId="24">
</dataflow>
<dataflow id="119" from="StgValue_118" to="icmp_ln11" fromId="118" toId="24">
</dataflow>
<dataflow id="120" from="icmp_ln11" to="br_ln11" fromId="24" toId="25">
</dataflow>
<dataflow id="121" from="operation_read" to="icmp_ln16" fromId="19" toId="26">
</dataflow>
<dataflow id="123" from="StgValue_122" to="icmp_ln16" fromId="122" toId="26">
</dataflow>
<dataflow id="124" from="icmp_ln16" to="br_ln16" fromId="26" toId="27">
</dataflow>
<dataflow id="125" from="operation_read" to="icmp_ln21" fromId="19" toId="28">
</dataflow>
<dataflow id="127" from="StgValue_126" to="icmp_ln21" fromId="126" toId="28">
</dataflow>
<dataflow id="128" from="icmp_ln21" to="br_ln21" fromId="28" toId="29">
</dataflow>
<dataflow id="130" from="_ssdm_op_Write.ap_auto.i8P" to="write_ln28" fromId="129" toId="30">
</dataflow>
<dataflow id="131" from="out_r" to="write_ln28" fromId="89" toId="30">
</dataflow>
<dataflow id="133" from="StgValue_132" to="write_ln28" fromId="132" toId="30">
</dataflow>
<dataflow id="134" from="inA_read" to="sdiv_ln23" fromId="21" toId="32">
</dataflow>
<dataflow id="135" from="inB_read" to="sdiv_ln23" fromId="20" toId="32">
</dataflow>
<dataflow id="136" from="inA_read" to="srem_ln24" fromId="21" toId="33">
</dataflow>
<dataflow id="137" from="inB_read" to="srem_ln24" fromId="20" toId="33">
</dataflow>
<dataflow id="138" from="inB_read" to="mul_ln18" fromId="20" toId="34">
</dataflow>
<dataflow id="139" from="inA_read" to="mul_ln18" fromId="21" toId="34">
</dataflow>
<dataflow id="140" from="_ssdm_op_Write.ap_auto.i8P" to="write_ln18" fromId="129" toId="35">
</dataflow>
<dataflow id="141" from="out_r" to="write_ln18" fromId="89" toId="35">
</dataflow>
<dataflow id="142" from="mul_ln18" to="write_ln18" fromId="34" toId="35">
</dataflow>
<dataflow id="143" from="inA_read" to="sub_ln13" fromId="21" toId="37">
</dataflow>
<dataflow id="144" from="inB_read" to="sub_ln13" fromId="20" toId="37">
</dataflow>
<dataflow id="145" from="_ssdm_op_Write.ap_auto.i8P" to="write_ln13" fromId="129" toId="38">
</dataflow>
<dataflow id="146" from="out_r" to="write_ln13" fromId="89" toId="38">
</dataflow>
<dataflow id="147" from="sub_ln13" to="write_ln13" fromId="37" toId="38">
</dataflow>
<dataflow id="148" from="inB_read" to="add_ln8" fromId="20" toId="40">
</dataflow>
<dataflow id="149" from="inA_read" to="add_ln8" fromId="21" toId="40">
</dataflow>
<dataflow id="150" from="_ssdm_op_Write.ap_auto.i8P" to="write_ln8" fromId="129" toId="41">
</dataflow>
<dataflow id="151" from="out_r" to="write_ln8" fromId="89" toId="41">
</dataflow>
<dataflow id="152" from="add_ln8" to="write_ln8" fromId="40" toId="41">
</dataflow>
<dataflow id="153" from="inA_read" to="sdiv_ln23" fromId="21" toId="43">
</dataflow>
<dataflow id="154" from="inB_read" to="sdiv_ln23" fromId="20" toId="43">
</dataflow>
<dataflow id="155" from="inA_read" to="srem_ln24" fromId="21" toId="44">
</dataflow>
<dataflow id="156" from="inB_read" to="srem_ln24" fromId="20" toId="44">
</dataflow>
<dataflow id="157" from="inA_read" to="sdiv_ln23" fromId="21" toId="45">
</dataflow>
<dataflow id="158" from="inB_read" to="sdiv_ln23" fromId="20" toId="45">
</dataflow>
<dataflow id="159" from="inA_read" to="srem_ln24" fromId="21" toId="46">
</dataflow>
<dataflow id="160" from="inB_read" to="srem_ln24" fromId="20" toId="46">
</dataflow>
<dataflow id="161" from="inA_read" to="sdiv_ln23" fromId="21" toId="47">
</dataflow>
<dataflow id="162" from="inB_read" to="sdiv_ln23" fromId="20" toId="47">
</dataflow>
<dataflow id="163" from="inA_read" to="srem_ln24" fromId="21" toId="48">
</dataflow>
<dataflow id="164" from="inB_read" to="srem_ln24" fromId="20" toId="48">
</dataflow>
<dataflow id="165" from="inA_read" to="sdiv_ln23" fromId="21" toId="49">
</dataflow>
<dataflow id="166" from="inB_read" to="sdiv_ln23" fromId="20" toId="49">
</dataflow>
<dataflow id="167" from="inA_read" to="srem_ln24" fromId="21" toId="50">
</dataflow>
<dataflow id="168" from="inB_read" to="srem_ln24" fromId="20" toId="50">
</dataflow>
<dataflow id="169" from="inA_read" to="sdiv_ln23" fromId="21" toId="51">
</dataflow>
<dataflow id="170" from="inB_read" to="sdiv_ln23" fromId="20" toId="51">
</dataflow>
<dataflow id="171" from="inA_read" to="srem_ln24" fromId="21" toId="52">
</dataflow>
<dataflow id="172" from="inB_read" to="srem_ln24" fromId="20" toId="52">
</dataflow>
<dataflow id="173" from="inA_read" to="sdiv_ln23" fromId="21" toId="53">
</dataflow>
<dataflow id="174" from="inB_read" to="sdiv_ln23" fromId="20" toId="53">
</dataflow>
<dataflow id="175" from="inA_read" to="srem_ln24" fromId="21" toId="54">
</dataflow>
<dataflow id="176" from="inB_read" to="srem_ln24" fromId="20" toId="54">
</dataflow>
<dataflow id="177" from="inA_read" to="sdiv_ln23" fromId="21" toId="55">
</dataflow>
<dataflow id="178" from="inB_read" to="sdiv_ln23" fromId="20" toId="55">
</dataflow>
<dataflow id="179" from="inA_read" to="srem_ln24" fromId="21" toId="56">
</dataflow>
<dataflow id="180" from="inB_read" to="srem_ln24" fromId="20" toId="56">
</dataflow>
<dataflow id="181" from="inA_read" to="sdiv_ln23" fromId="21" toId="57">
</dataflow>
<dataflow id="182" from="inB_read" to="sdiv_ln23" fromId="20" toId="57">
</dataflow>
<dataflow id="183" from="inA_read" to="srem_ln24" fromId="21" toId="58">
</dataflow>
<dataflow id="184" from="inB_read" to="srem_ln24" fromId="20" toId="58">
</dataflow>
<dataflow id="185" from="inA_read" to="sdiv_ln23" fromId="21" toId="59">
</dataflow>
<dataflow id="186" from="inB_read" to="sdiv_ln23" fromId="20" toId="59">
</dataflow>
<dataflow id="187" from="inA_read" to="srem_ln24" fromId="21" toId="60">
</dataflow>
<dataflow id="188" from="inB_read" to="srem_ln24" fromId="20" toId="60">
</dataflow>
<dataflow id="189" from="inA_read" to="sdiv_ln23" fromId="21" toId="61">
</dataflow>
<dataflow id="190" from="inB_read" to="sdiv_ln23" fromId="20" toId="61">
</dataflow>
<dataflow id="191" from="inA_read" to="srem_ln24" fromId="21" toId="62">
</dataflow>
<dataflow id="192" from="inB_read" to="srem_ln24" fromId="20" toId="62">
</dataflow>
<dataflow id="193" from="inA_read" to="sdiv_ln23" fromId="21" toId="63">
</dataflow>
<dataflow id="194" from="inB_read" to="sdiv_ln23" fromId="20" toId="63">
</dataflow>
<dataflow id="195" from="_ssdm_op_Write.ap_auto.i8P" to="write_ln23" fromId="129" toId="64">
</dataflow>
<dataflow id="196" from="out_r" to="write_ln23" fromId="89" toId="64">
</dataflow>
<dataflow id="197" from="sdiv_ln23" to="write_ln23" fromId="63" toId="64">
</dataflow>
<dataflow id="198" from="inA_read" to="srem_ln24" fromId="21" toId="65">
</dataflow>
<dataflow id="199" from="inB_read" to="srem_ln24" fromId="20" toId="65">
</dataflow>
<dataflow id="200" from="StgValue_132" to="storemerge3" fromId="132" toId="67">
<condition id="-1">
<or_exp><and_exp><literal name="icmp_ln6" val="1"/>
</and_exp></or_exp>
</condition>
</dataflow>
<dataflow id="201" from="br_ln10" to="storemerge3" fromId="42" toId="67">
</dataflow>
<dataflow id="202" from="StgValue_132" to="storemerge3" fromId="132" toId="67">
<condition id="-1">
<or_exp><and_exp><literal name="icmp_ln6" val="0"/>
<literal name="icmp_ln11" val="1"/>
</and_exp></or_exp>
</condition>
</dataflow>
<dataflow id="203" from="br_ln15" to="storemerge3" fromId="39" toId="67">
</dataflow>
<dataflow id="204" from="StgValue_132" to="storemerge3" fromId="132" toId="67">
<condition id="-1">
<or_exp><and_exp><literal name="icmp_ln6" val="0"/>
<literal name="icmp_ln11" val="0"/>
<literal name="icmp_ln16" val="1"/>
</and_exp></or_exp>
</condition>
</dataflow>
<dataflow id="205" from="br_ln20" to="storemerge3" fromId="36" toId="67">
</dataflow>
<dataflow id="206" from="StgValue_132" to="storemerge3" fromId="132" toId="67">
<condition id="-1">
<or_exp><and_exp><literal name="icmp_ln6" val="0"/>
<literal name="icmp_ln11" val="0"/>
<literal name="icmp_ln16" val="0"/>
<literal name="icmp_ln21" val="0"/>
</and_exp></or_exp>
</condition>
</dataflow>
<dataflow id="207" from="br_ln0" to="storemerge3" fromId="31" toId="67">
</dataflow>
<dataflow id="208" from="srem_ln24" to="storemerge3" fromId="65" toId="67">
<condition id="-1">
<or_exp><and_exp><literal name="icmp_ln6" val="0"/>
<literal name="icmp_ln11" val="0"/>
<literal name="icmp_ln16" val="0"/>
<literal name="icmp_ln21" val="1"/>
</and_exp></or_exp>
</condition>
</dataflow>
<dataflow id="209" from="br_ln25" to="storemerge3" fromId="66" toId="67">
</dataflow>
<dataflow id="210" from="_ssdm_op_Write.ap_auto.i8P" to="write_ln9" fromId="129" toId="68">
</dataflow>
<dataflow id="211" from="rem_r" to="write_ln9" fromId="90" toId="68">
</dataflow>
<dataflow id="212" from="storemerge3" to="write_ln9" fromId="67" toId="68">
</dataflow>
<dataflow id="213" from="icmp_ln6" to="StgValue_1" fromId="22" toId="1">
</dataflow>
<dataflow id="214" from="icmp_ln11" to="StgValue_1" fromId="24" toId="1">
</dataflow>
<dataflow id="215" from="icmp_ln16" to="StgValue_1" fromId="26" toId="1">
</dataflow>
<dataflow id="216" from="icmp_ln21" to="StgValue_1" fromId="28" toId="1">
</dataflow>
<dataflow id="217" from="icmp_ln6" to="StgValue_12" fromId="22" toId="12">
</dataflow>
<dataflow id="218" from="icmp_ln11" to="StgValue_12" fromId="24" toId="12">
</dataflow>
<dataflow id="219" from="icmp_ln16" to="StgValue_12" fromId="26" toId="12">
</dataflow>
<dataflow id="220" from="icmp_ln21" to="StgValue_12" fromId="28" toId="12">
</dataflow>
</dataflows>


</stg>
